Date,AGL.JO,BID.JO,CPI.JO
2020-01-02,39764.11328125,33434.609375,144701.171875
2020-01-03,39706.3515625,33544.48828125,144411.421875
2020-01-06,39336.296875,33064.02734375,143111.671875
2020-01-07,39221.7578125,32981.11328125,143391.390625
2020-01-08,39276.58203125,32980.11328125,143111.671875
2020-01-09,38936.875,33186.88671875,144315.515625
2020-01-10,39352.94140625,33499.5390625,144286.53125
2020-01-13,39862.98828125,33361.69140625,142996.765625
2020-01-14,39827.74609375,33653.3671875,143222.59375
2020-01-15,39447.90234375,33558.4765625,143309.484375
2020-01-16,40200.734375,33628.390625,143628.171875
2020-01-17,41525.29296875,33521.515625,144832.03125
2020-01-20,41634.9375,34707.18359375,143408.375
2020-01-21,40847.83984375,34442.484375,142456.3125
2020-01-22,40539.4609375,34845.0390625,141163.546875
2020-01-23,39299.09765625,34286.65625,138825.8125
2020-01-24,39577.125,34761.1171875,139065.578125
2020-01-27,38070.48046875,34291.65625,137145.4375
2020-01-28,38127.26171875,34067.90625,136867.6875
2020-01-29,38232.9921875,34403.52734375,136368.21875
2020-01-30,38353.40625,34303.63671875,136859.703125
2020-01-31,38241.80078125,33187.8828125,134485.015625
2020-02-03,37840.421875,32356.818359375,134359.109375
2020-02-04,38804.71484375,32551.59765625,137085.515625
2020-02-05,39012.2578125,32954.14453125,138885.71875
2020-02-06,39139.5234375,33038.05859375,138872.78125
2020-02-07,38755.765625,32005.208984375,137396.171875
2020-02-10,38453.26171875,32082.12109375,136493.0625
2020-02-11,38614.79296875,32413.755859375,137065.546875
2020-02-12,40435.69140625,32557.59375,139289.390625
2020-02-13,40482.6796875,32615.525390625,140401.296875
2020-02-14,39969.6953125,32809.30859375,140408.265625
2020-02-17,40370.09765625,31649.607421875,143860.9375
2020-02-18,39604.5390625,31362.9296875,143727.078125
2020-02-19,39621.1796875,31472.8046875,143708.09375
2020-02-20,40607.01171875,31474.8046875,141421.3125
2020-02-21,40654.00390625,31591.669921875,138955.703125
2020-02-24,37250.09765625,29801.673828125,134462.03125
2020-02-25,37900.13671875,30116.322265625,133552.90625
2020-02-26,37280.4453125,29567.935546875,136072.5
2020-02-27,35866.80078125,28782.810546875,133043.390625
2020-02-28,34593.15234375,27781.93359375,129873.4765625
2020-03-02,35759.11328125,28388.255859375,133227.234375
2020-03-03,37265.76171875,29367.158203125,135575.953125
2020-03-04,36656.8359375,29617.876953125,136269.265625
2020-03-05,36034.20703125,29110.447265625,134798.703125
2020-03-06,33774.7265625,28767.826171875,132372.0625
2020-03-09,30716.400390625,28120.5546875,129010.296875
2020-03-10,31594.54296875,27921.775390625,129260.078125
2020-03-11,30541.1640625,27881.8203125,129825.5
2020-03-12,26503.859375,24633.453125,122399.6953125
2020-03-13,27149.005859375,24939.111328125,119884.125
2020-03-16,24984.486328125,23362.875,112088.640625
2020-03-17,25513.134765625,22768.53515625,110882.8125
2020-03-18,22472.4296875,19702.966796875,79922.75
2020-03-19,20651.53125,18426.39453125,68184.109375
2020-03-20,22606.55078125,19877.76953125,96929.3125
2020-03-23,21427.861328125,19459.236328125,92310.765625
2020-03-24,24885.609375,19478.21875,95707.4921875
2020-03-25,26798.533203125,20177.853515625,99903.4375
2020-03-26,27449.552734375,20270.763671875,103279.1640625
2020-03-27,27921.419921875,20166.865234375,84917.9140625
2020-03-30,28732.9921875,20480.564453125,82738.015625
2020-03-31,29787.3515625,21247.83984375,87915.015625
2020-04-01,28930.74609375,21000.07421875,87448.4765625
2020-04-02,29226.396484375,21794.318359375,91917.1640625
2020-04-03,27880.302734375,21677.427734375,91510.546875
2020-04-06,29271.4296875,22720.44140625,102201.2109375
2020-04-07,31132.466796875,23977.251953125,108395.21875
2020-04-08,30967.01953125,24293.94921875,102371.0390625
2020-04-09,32127.107421875,24792.474609375,106996.578125
2020-04-14,32715.47265625,24916.357421875,105672.859375
2020-04-15,31078.623046875,23940.28515625,95996.2109375
2020-04-16,30695.841796875,23206.978515625,92460.625
2020-04-17,32397.3046875,23194.990234375,90887.15625
2020-04-20,31994.9453125,22824.34375,92098.9765625
2020-04-21,30495.15234375,22224.912109375,89913.1015625
2020-04-22,30842.689453125,21767.34765625,94211.921875
2020-04-23,32197.59375,22180.955078125,92327.7578125
2020-04-24,32264.1640625,22894.275390625,93209.90625
2020-04-28,32638.1328125,22549.603515625,88064.8828125
2020-04-29,33951.921875,23916.306640625,96605.625
2020-04-30,32218.15234375,24142.091796875,90112.890625
2020-05-04,31010.09375,24017.208984375,85528.3203125
2020-05-05,30817.234375,23877.341796875,88586.375
2020-05-06,31433.990234375,23977.251953125,86087.7890625
2020-05-07,32739.947265625,24077.154296875,86454.4296875
2020-05-08,33892.203125,23989.240234375,87768.171875
2020-05-11,31403.642578125,23977.251953125,81421.296875
2020-05-12,31480.982421875,22777.38671875,84917.9140625
2020-05-13,30522.5625,22178.95703125,82912.8515625
2020-05-14,30022.3046875,21959.1640625,79291.359375
2020-05-15,31727.68359375,21633.47265625,80993.703125
2020-05-18,34993.5546875,22578.576171875,83403.3828125
2020-05-19,35205.01171875,22462.68359375,86461.421875
2020-05-20,35352.83984375,23137.046875,88981.984375
2020-05-21,34100.7265625,23090.08984375,89963.0390625
2020-05-22,33163.84375,22878.291015625,85916.953125
2020-05-25,33563.265625,22700.4609375,84330.4921875
2020-05-26,33960.73046875,23477.72265625,90478.5390625
2020-05-27,34776.21875,24391.85546875,88926.046875
2020-05-28,35818.83203125,24942.33203125,88942.03125
2020-05-29,35786.52734375,24606.650390625,84495.3359375
2020-06-01,36027.35546875,24540.71484375,87038.875
2020-06-02,36907.453125,25024.25390625,90295.7265625
2020-06-03,37542.8125,26095.23828125,95418.765625
2020-06-04,37095.41796875,25680.6328125,96538.6875
2020-06-05,38815.48046875,26345.998046875,105603.9140625
2020-06-08,38775.34375,26675.689453125,101981.4296875
2020-06-09,38687.234375,26786.580078125,98904.3984375
2020-06-10,38404.3125,26125.212890625,93635.4921875
2020-06-11,37460.578125,26000.328125,90520.5
2020-06-12,38246.6953125,26325.021484375,91691.3671875
2020-06-15,37201.1484375,26125.212890625,88998.9765625
2020-06-17,38375.921875,27973.458984375,91111.9375
2020-06-18,38018.59375,28208.232421875,89767.2265625
2020-06-19,38519.83203125,29252.2421875,90550.4765625
2020-06-22,38376.8984375,28572.890625,88463.5078125
2020-06-23,39536.98828125,28690.775390625,87922.0078125
2020-06-24,38785.1328125,28638.828125,85658.203125
2020-06-25,38914.359375,28296.150390625,90092.921875
2020-06-26,38652.97265625,28342.107421875,84992.8515625
2020-06-29,38951.55859375,28549.908203125,87096.828125
2020-06-30,39288.328125,28323.125,85787.0703125
2020-07-01,37984.33203125,28333.115234375,85866.015625
2020-07-02,38742.05859375,28580.876953125,86434.4453125
2020-07-03,37886.43359375,28548.908203125,84861.9765625
2020-07-06,38547.2421875,28541.91796875,78552.0703125
2020-07-07,38825.2734375,28214.2265625,79722.9453125
2020-07-08,39150.29296875,28608.853515625,81937.796875
2020-07-09,39403.84765625,28168.271484375,81920.8203125
2020-07-10,39916.83203125,27784.63671875,82488.2578125
2020-07-13,40665.75,28383.06640625,83631.15625
2020-07-14,40198.77734375,28324.123046875,84893.9375
2020-07-15,40181.15625,28040.392578125,85169.671875
2020-07-16,39729.84765625,28512.943359375,86019.8515625
2020-07-17,39938.37109375,28038.392578125,86016.8515625
2020-07-20,40175.28125,28011.419921875,86328.5546875
2020-07-21,39887.4609375,28340.109375,88937.03125
2020-07-22,39550.6953125,28116.322265625,90197.8046875
2020-07-23,40417.08984375,27789.62890625,89183.8046875
2020-07-24,40533.58984375,27827.595703125,86848.0546875
2020-07-27,41166.98828125,27971.458984375,89778.21875
2020-07-28,41364.73828125,28159.28125,95765.4296875
2020-07-29,41275.65234375,28736.732421875,99585.7421875
2020-07-30,40264.3671875,28315.1328125,94456.703125
2020-07-31,40935.94921875,28043.388671875,88326.6328125
2020-08-03,41755.3515625,27212.1796875,82894.875
2020-08-04,41786.6796875,27068.314453125,82555.1953125
2020-08-05,43334.44140625,27262.13671875,84660.171875
2020-08-06,43437.234375,27663.751953125,83999.796875
2020-08-07,42351.55078125,28526.93359375,83252.53125
2020-08-11,42924.25,28511.9453125,86640.25
2020-08-12,43194.44921875,28239.205078125,85959.90625
2020-08-13,42658.94921875,28585.875,89178.8046875
2020-08-14,42049.046875,28466.98828125,87996.9296875
2020-08-17,43227.734375,27830.591796875,84644.1875
2020-08-18,42739.22265625,27718.69921875,86952.9609375
2020-08-19,42542.44921875,27188.19921875,86915.984375
2020-08-20,41656.4765625,27005.373046875,83538.25
2020-08-21,41039.71875,26949.4296875,87915.015625
2020-08-24,41573.26171875,25078.203125,92909.1875
2020-08-25,40110.66796875,24944.33203125,95068.1171875
2020-08-26,40138.08203125,28169.26953125,93174.9375
2020-08-27,39858.09375,29788.734375,89913.1015625
2020-08-28,39755.30078125,28883.59375,88175.7734375
2020-08-31,39595.7265625,27964.462890625,83419.3671875
2020-09-01,40503.23828125,27973.458984375,88912.0625
2020-09-02,40823.36328125,27972.458984375,86278.6015625
2020-09-03,38916.31640625,27564.845703125,86908.984375
2020-09-04,39406.78515625,26835.53515625,86915.984375
2020-09-07,40189.96484375,26861.51171875,88091.8515625
2020-09-08,39780.75390625,27110.2734375,89913.1015625
2020-09-09,39675.0234375,26604.755859375,96067.140625
2020-09-10,39318.67578125,26404.943359375,99236.0859375
2020-09-11,40480.72265625,27171.21484375,95539.640625
2020-09-14,40872.3125,27174.21484375,97018.21875
2020-09-15,40869.37890625,26919.45703125,97601.65625
2020-09-16,41022.09765625,26974.40234375,99138.1796875
2020-09-17,40585.47265625,26922.453125,97144.09375
2020-09-18,40789.1015625,27206.18359375,95311.875
2020-09-21,39524.26171875,25592.712890625,92438.6484375
2020-09-22,38470.8828125,25260.03125,92684.40625
2020-09-23,39152.25,25627.681640625,94408.734375
2020-09-25,39120.921875,25309.984375,92866.234375
2020-09-28,39914.875,25775.5390625,98629.671875
2020-09-29,39580.0625,25425.87109375,98260.0234375
2020-09-30,39874.734375,25802.51953125,103637.8203125
2020-10-01,39379.375,25773.548828125,104013.4609375
2020-10-02,38918.2734375,25364.93359375,104898.609375
2020-10-05,39437.1328125,25769.55078125,103989.484375
2020-10-06,39061.20703125,25561.744140625,103966.515625
2020-10-07,39878.65234375,25518.787109375,109893.7890625
2020-10-08,39800.33203125,26526.830078125,106073.453125
2020-10-09,40934.96875,25966.359375,105774.765625
2020-10-12,40875.25,25525.779296875,109568.09375
2020-10-13,40636.37890625,24642.6171875,106967.6015625
2020-10-14,41085.73046875,24051.177734375,107571.03125
2020-10-15,40439.60546875,23305.88671875,107653.953125
2020-10-16,40875.25,23024.15234375,108039.5625
2020-10-19,41469.4921875,23084.095703125,109650.0
2020-10-20,41427.39453125,23527.67578125,113140.6484375
2020-10-21,41337.328125,24434.8125,115702.1484375
2020-10-22,40457.2265625,23863.35546875,118085.8671875
2020-10-23,41117.05859375,24926.34765625,119849.1484375
2020-10-26,40666.73046875,24494.755859375,120883.1484375
2020-10-27,39122.8828125,24185.048828125,122623.4609375
2020-10-28,37132.62109375,22979.1953125,119490.5
2020-10-29,37222.6875,22585.568359375,118296.6484375
2020-10-30,36794.87109375,22248.888671875,113889.90625
2020-11-02,37520.29296875,22298.841796875,117748.1875
2020-11-03,38577.58984375,22482.666015625,122281.8046875
2020-11-04,37700.42578125,22866.3046875,125751.4453125
2020-11-05,37578.0546875,23718.4921875,126147.0546875
2020-11-06,38122.3671875,23602.603515625,123749.3828125
2020-11-09,40716.65625,26858.515625,130813.5546875
2020-11-10,41897.3046875,27748.669921875,137214.359375
2020-11-11,42796.00390625,27929.498046875,142362.40625
2020-11-12,41875.765625,26730.63671875,141862.875
2020-11-13,42209.59765625,27096.2890625,139864.78125
2020-11-16,42928.16796875,27627.783203125,136807.78125
2020-11-17,42516.99609375,28482.97265625,139861.796875
2020-11-18,43217.9453125,27973.458984375,135772.75
2020-11-19,42722.58203125,28314.1328125,137866.734375
2020-11-20,42732.37109375,27600.8125,132057.359375
2020-11-23,43854.28125,28044.388671875,131688.71875
2020-11-24,45894.46875,28426.02734375,135530.0
2020-11-25,45692.80078125,27903.525390625,133399.0625
2020-11-26,45132.82421875,28222.22265625,132380.046875
2020-11-27,45130.8671875,28404.048828125,131065.3125
2020-11-30,45473.5078125,27909.517578125,129426.890625
2020-12-01,45957.125,27898.525390625,128875.4296875
2020-12-02,47507.82421875,27535.875,129315.0
2020-12-03,49340.46875,27786.63671875,128438.859375
2020-12-04,50515.2421875,27877.546875,128875.4296875
2020-12-07,50304.76171875,27316.080078125,128096.1875
2020-12-08,49593.046875,26916.4609375,128430.859375
2020-12-09,49426.62109375,27074.310546875,130269.09375
2020-12-10,49193.625,27259.13671875,129670.65625
2020-12-11,47821.09765625,27178.2109375,140196.5
2020-12-14,47601.8046875,28455.001953125,144924.9375
2020-12-15,47500.97265625,28299.150390625,148256.6875
2020-12-17,49043.83984375,27696.71875,144859.984375
2020-12-18,46699.1875,26935.443359375,147857.078125
2020-12-21,46207.7421875,26156.181640625,140335.359375
2020-12-22,46064.8125,25930.39453125,141862.875
2020-12-23,46978.19921875,25875.451171875,142604.171875
2020-12-24,47309.08984375,25875.451171875,141265.484375
2020-12-28,47913.12109375,25816.505859375,143864.9375
2020-12-29,48053.11328125,26296.044921875,142276.453125
2020-12-30,47743.7578125,26314.029296875,144297.53125
2020-12-31,47480.4140625,26278.06640625,143126.640625
2021-01-04,50293.99609375,25956.373046875,142492.296875
2021-01-05,51255.3515625,26010.31640625,138331.296875
2021-01-06,54793.375,26616.7421875,136298.25
2021-01-07,57317.1796875,27992.439453125,141387.328125
2021-01-08,56993.13671875,28582.875,144073.734375
2021-01-11,56643.64453125,28046.38671875,142887.90625
2021-01-12,55511.9453125,27065.318359375,141740.0
2021-01-13,55700.88671875,27068.314453125,137443.140625
2021-01-14,56291.2109375,26980.400390625,138865.78125
2021-01-15,54379.26953125,26430.91796875,140348.34375
2021-01-18,54125.7109375,26218.123046875,140942.75
2021-01-19,52394.87890625,27153.234375,142682.09375
2021-01-20,53183.9375,27032.349609375,142264.5
2021-01-21,53539.3046875,26902.47265625,137830.765625
2021-01-22,52784.51171875,27113.2734375,134577.9375
2021-01-25,51352.26953125,26572.78515625,133961.5
2021-01-26,51048.78515625,26469.8828125,137489.125
2021-01-27,47828.9296875,25825.4921875,139864.78125
2021-01-28,49651.78515625,26003.328125,139864.78125
2021-01-29,48997.828125,25232.060546875,138572.078125
2021-02-01,50515.2421875,25130.154296875,139685.953125
2021-02-02,48519.109375,25928.396484375,139611.046875
2021-02-03,48611.1328125,26279.0625,134953.53125
2021-02-04,48662.0390625,26887.486328125,134604.90625
2021-02-05,49454.03125,27546.861328125,138681.9375
2021-02-08,51775.1875,27918.509765625,139255.40625
2021-02-09,51310.171875,28308.13671875,139641.015625
2021-02-10,54007.2578125,28390.064453125,138865.78125
2021-02-11,52412.5,28021.4140625,140364.328125
2021-02-12,52195.16796875,28408.046875,140364.328125
2021-02-15,54861.90234375,28382.068359375,139964.703125
2021-02-16,55651.9375,28745.724609375,138865.78125
2021-02-17,56262.8203125,27630.78125,138412.25
2021-02-18,55628.44140625,27695.720703125,135997.53125
2021-02-19,57481.6484375,28841.634765625,135476.046875
2021-02-22,57009.78125,28766.701171875,135010.5
2021-02-23,55813.46875,28271.173828125,132866.578125
2021-02-24,56891.32421875,27515.892578125,132671.765625
2021-02-25,61049.04296875,28125.310546875,133041.390625
2021-02-26,56863.9140625,28308.13671875,133745.703125
2021-03-01,59088.1484375,29322.17578125,134984.515625
2021-03-02,60216.91015625,30114.42578125,135511.03125
2021-03-03,59644.2109375,31209.38671875,134390.109375
2021-03-04,59513.02734375,31497.11328125,133870.625
2021-03-05,61270.29296875,31434.17578125,133288.15625
2021-03-08,62106.33984375,31470.13671875,134072.421875
2021-03-09,59779.30859375,31949.681640625,137263.34375
2021-03-10,59301.56640625,31694.923828125,137842.765625
2021-03-11,60156.21484375,31614.001953125,138480.125
2021-03-12,61597.26953125,31367.234375,137866.734375
2021-03-15,60428.37109375,30720.84765625,135153.359375
2021-03-16,59739.171875,29801.72265625,134365.109375
2021-03-17,57533.53515625,29628.88671875,132593.84375
2021-03-18,58107.21484375,29030.451171875,133409.046875
2021-03-19,56360.71875,28823.65234375,133712.765625
2021-03-23,54326.40234375,28303.14453125,134532.953125
2021-03-24,55587.328125,28005.427734375,135651.890625
2021-03-25,54340.109375,27904.5234375,134117.359375
2021-03-26,57801.7734375,28658.8046875,138627.984375
2021-03-29,56820.83984375,29346.154296875,141932.8125
2021-03-30,57182.08203125,28972.5078125,144360.453125
2021-03-31,56854.125,28573.890625,141846.890625
2021-04-01,57116.48828125,28576.8828125,138865.78125
2021-04-06,58728.86328125,29170.3203125,137600.0
2021-04-07,58602.578125,29100.388671875,138197.421875
2021-04-08,59619.734375,28732.73828125,136136.390625
2021-04-09,60365.71484375,29123.365234375,136550.015625
2021-04-12,59338.76953125,28573.890625,138908.71875
2021-04-13,59529.66796875,28491.96484375,138366.25
2021-04-14,61066.6640625,29329.171875,137123.4375
2021-04-15,60076.91796875,29028.45703125,139864.78125
2021-04-16,61945.78515625,29625.888671875,139986.703125
2021-04-19,61803.83203125,29241.25390625,140355.34375
2021-04-20,60211.0390625,28874.599609375,139847.8125
2021-04-21,59731.33984375,28982.498046875,138670.953125
2021-04-22,59535.54296875,29539.96875,137418.15625
2021-04-23,60553.6796875,29338.16015625,139770.90625
2021-04-26,61931.1015625,29596.91796875,144593.21875
2021-04-28,62261.015625,29579.93359375,148895.078125
2021-04-29,61323.15625,29325.171875,150754.265625
2021-04-30,60540.953125,28564.892578125,148496.484375
2021-05-03,60445.01171875,28130.306640625,149440.515625
2021-05-04,60788.6328125,27701.71484375,149455.515625
2021-05-05,63437.74609375,28310.13671875,151570.703125
2021-05-06,63082.37890625,28197.244140625,154071.578125
2021-05-07,65199.90625,28355.095703125,155262.53125
2021-05-10,65983.0859375,28522.935546875,156103.8125
2021-05-11,65101.03125,27857.56640625,156165.765625
2021-05-12,66345.3125,27645.767578125,156162.765625
2021-05-13,63595.36328125,27734.68359375,155529.3125
2021-05-14,63332.99609375,28162.275390625,157864.296875
2021-05-17,64357.98828125,28273.169921875,160074.390625
2021-05-18,64476.44140625,29364.140625,160822.78125
2021-05-19,60781.78125,28593.869140625,162916.953125
2021-05-20,60820.94140625,28856.619140625,162841.046875
2021-05-21,60701.50390625,28543.916015625,163623.359375
2021-05-24,60639.828125,28291.15234375,164380.703125
2021-05-25,59374.9921875,28520.935546875,165049.140625
2021-05-26,58370.55859375,28535.921875,167408.09375
2021-05-27,60471.4453125,28489.966796875,163884.125
2021-05-28,59954.546875,29123.365234375,165434.796875
2021-05-31,60774.9296875,29015.46484375,166537.875
2021-06-01,62254.1640625,29414.08984375,167097.375
2021-06-02,62232.625,29521.986328125,168013.5625
2021-06-03,60109.22265625,29435.0703125,167298.203125
2021-06-04,60853.24609375,29771.75390625,165727.546875
2021-06-07,59601.96875,29152.337890625,166234.09375
2021-06-08,60405.0234375,29179.310546875,167866.703125
2021-06-09,58725.1953125,30819.755859375,172851.4375
2021-06-10,58727.16015625,30960.623046875,172082.09375
2021-06-11,59958.7734375,30137.40234375,167982.59375
2021-06-14,59573.46484375,30234.314453125,167507.03125
2021-06-15,57158.40234375,29930.599609375,166388.96875
2021-06-17,55445.15625,31270.328125,162541.265625
2021-06-18,53557.92578125,30899.6796875,160960.640625
2021-06-21,53893.10546875,30678.890625,163825.1875
2021-06-22,54910.44140625,30730.841796875,162721.125
2021-06-23,55377.33203125,31064.525390625,163980.046875
2021-06-24,56423.171875,31325.275390625,165239.953125
2021-06-25,57543.7109375,31662.955078125,166677.734375
2021-06-28,56384.8359375,30793.783203125,164458.625
2021-06-29,56308.16796875,31085.505859375,167445.046875
2021-06-30,55970.0390625,30931.6484375,168503.15625
2021-07-01,56579.45703125,31179.4140625,167429.09375
2021-07-02,57393.32421875,31215.380859375,166856.578125
2021-07-05,58189.49609375,31635.982421875,167508.03125
2021-07-06,56591.25,32128.51171875,165504.734375
2021-07-07,58171.8046875,32102.5390625,164513.59375
2021-07-08,55083.4375,32339.31640625,162403.390625
2021-07-09,57796.32421875,32219.427734375,162868.015625
2021-07-12,58437.1953125,33102.58984375,160877.703125
2021-07-13,58624.93359375,32069.568359375,156414.546875
2021-07-14,59564.6171875,32000.634765625,155938.9375
2021-07-15,58834.30078125,32214.431640625,155866.015625
2021-07-16,56226.5859375,31801.82421875,156065.859375
2021-07-19,54193.8828125,30728.845703125,153120.375
2021-07-20,55056.8984375,30855.720703125,154046.59375
2021-07-21,56932.328125,31245.353515625,156173.765625
2021-07-22,57943.765625,31259.337890625,158498.765625
2021-07-23,59359.18359375,31672.9453125,159759.671875
2021-07-26,61722.1484375,31623.9921875,159301.078125
2021-07-27,62292.25,31969.666015625,161609.09375
2021-07-28,63275.1796875,32055.583984375,162260.53125
2021-07-29,66042.1328125,32069.568359375,161156.453125
2021-07-30,64243.3671875,32128.51171875,162535.28125
2021-08-02,65128.00390625,31601.015625,163155.765625
2021-08-03,66560.1328125,31969.666015625,167774.796875
2021-08-04,67279.640625,31874.7578125,168360.28125
2021-08-05,64625.7265625,31709.908203125,170159.734375
2021-08-06,65855.375,31541.072265625,170705.25
2021-08-10,67016.2109375,31669.951171875,172929.34375
2021-08-11,68298.9375,31838.787109375,172351.828125
2021-08-12,68072.8671875,31671.9453125,171441.640625
2021-08-13,67718.0234375,31969.666015625,170967.03125
2021-08-16,66510.9921875,32358.29296875,176748.0625
2021-08-17,66888.4375,32805.87109375,182093.484375
2021-08-18,61349.62109375,33104.58984375,186477.71875
2021-08-19,59362.1328125,31969.666015625,182515.125
2021-08-20,58904.0859375,31711.908203125,183112.59375
2021-08-23,59977.44921875,32003.6328125,185700.375
2021-08-24,60644.859375,32169.4765625,188805.734375
2021-08-25,61018.37109375,32239.408203125,187039.234375
2021-08-26,60373.5703125,31934.697265625,186839.375
2021-08-27,61777.1953125,31935.697265625,188837.65625
2021-08-30,62022.92578125,31625.990234375,186976.296875
2021-08-31,60273.30859375,31957.677734375,189607.015625
2021-09-01,59660.9453125,31445.16015625,187823.53125
2021-09-02,60157.32421875,31170.421875,185340.6875
2021-09-03,60205.48828125,31248.349609375,183837.984375
2021-09-06,59680.6015625,30518.04296875,185162.828125
2021-09-07,60319.5078125,30474.083984375,189857.796875
2021-09-08,58780.23828125,30361.1875,189908.78125
2021-09-09,57892.65234375,30024.509765625,189739.921875
2021-09-10,59092.80859375,30563.99609375,187680.6875
2021-09-13,59324.78125,30522.037109375,189389.21875
2021-09-14,58155.09375,30884.693359375,190835.96875
2021-09-15,58134.453125,31570.04296875,190330.390625
2021-09-16,55566.0546875,31419.185546875,188413.0625
2021-09-17,51676.59765625,31726.89453125,186940.3125
2021-09-20,48802.5078125,31469.138671875,185408.640625
2021-09-21,49347.05078125,31807.818359375,186629.5625
2021-09-22,50536.3984375,32017.619140625,188231.203125
2021-09-23,51078.9765625,31649.96875,191152.6875
2021-09-27,52047.1640625,31070.51953125,188837.65625
2021-09-28,50817.515625,31087.50390625,188367.09375
2021-09-29,51603.86328125,31620.99609375,187438.890625
2021-09-30,52379.39453125,32230.416015625,181753.765625
2021-10-01,52021.60546875,30897.685546875,178846.265625
2021-10-04,52361.69921875,30770.802734375,175422.203125
2021-10-05,52419.6953125,31979.65234375,175095.515625
2021-10-06,50792.9453125,33426.28515625,172427.8125
2021-10-07,53493.0546875,33202.5,170345.5625
2021-10-08,54238.1171875,32969.71875,167626.890625
2021-10-11,56663.00390625,33095.59375,166956.5
2021-10-12,56252.140625,33047.63671875,168445.203125
2021-10-13,55673.1953125,32856.8203125,167006.421875
2021-10-14,57628.2421875,32525.140625,168952.765625
2021-10-15,57953.59375,32494.169921875,167936.671875
2021-10-18,56112.56640625,32617.05078125,170004.875
2021-10-19,55692.8515625,33167.53125,171852.28125
2021-10-20,55768.5390625,33045.62890625,170844.09375
2021-10-21,54454.359375,32639.962890625,169274.3125
2021-10-22,55237.7578125,32880.76171875,169969.78125
2021-10-25,56365.1796875,33074.60546875,171805.328125
2021-10-26,56637.44921875,33082.59765625,172968.421875
2021-10-27,55732.171875,32979.6796875,172538.75
2021-10-28,56307.18359375,32831.80859375,171184.8125
2021-10-29,56538.171875,32756.865234375,170543.328125
2021-11-02,56032.9453125,33272.4453125,173862.703125
2021-11-03,57395.2890625,32792.83984375,174502.203125
2021-11-04,55491.3515625,32396.166015625,180468.484375
2021-11-05,54080.84765625,31783.673828125,182389.984375
2021-11-08,54897.6640625,32289.255859375,183355.203125
2021-11-09,54726.6328125,32383.177734375,183753.890625
2021-11-10,55059.84765625,32207.3203125,185119.796875
2021-11-11,58257.3203125,32161.359375,184654.171875
2021-11-12,58494.20703125,31880.591796875,182983.484375
2021-11-15,57126.94921875,31865.603515625,184224.515625
2021-11-16,58070.5625,31061.271484375,184666.171875
2021-11-17,58907.03515625,31119.224609375,184525.28125
2021-11-18,58193.4296875,31214.142578125,184928.953125
2021-11-19,58975.83984375,30681.58984375,183262.28125
2021-11-22,59895.86328125,30804.484375,184086.625
2021-11-23,60624.21484375,31284.0859375,182110.1875
2021-11-24,60404.0390625,30566.6796875,179113.5625
2021-11-25,59060.375,31208.15234375,180432.484375
2021-11-26,56386.80078125,28774.166015625,170482.375
2021-11-29,57360.88671875,29620.46484375,176292.75
2021-11-30,58461.76953125,30472.759765625,182156.125
2021-12-01,58925.7109375,31079.255859375,186579.65625
2021-12-02,58218.00390625,31369.015625,185353.625
2021-12-03,56518.515625,31675.76171875,185387.59375
2021-12-06,58227.83203125,31540.875,185853.21875
2021-12-07,62028.82421875,31778.67578125,187601.859375
2021-12-08,60990.84765625,31743.705078125,190529.53125
2021-12-09,60843.41015625,31909.568359375,190813.3125
2021-12-10,60942.6875,31488.91796875,189710.171875
2021-12-13,60677.29296875,31232.130859375,191135.0625
2021-12-14,60996.74609375,31061.271484375,192302.140625
2021-12-15,60486.60546875,31395.99609375,197333.1875
2021-12-17,60938.75390625,31866.6015625,199782.234375
2021-12-20,59529.23046875,31748.701171875,197298.203125
2021-12-21,61238.546875,31650.783203125,196560.78125
2021-12-22,61236.58203125,31975.515625,198842.96875
2021-12-23,61858.77734375,31870.6015625,198753.046875
2021-12-24,61974.76171875,31776.6796875,198379.359375
2021-12-28,62867.265625,32300.24609375,198892.921875
2021-12-29,63644.76171875,32812.81640625,201960.5
2021-12-30,64222.7265625,33131.5546875,203271.484375
2021-12-31,64059.55859375,32615.984375,203819.046875
2022-01-03,63396.08203125,32971.69140625,203347.390625
2022-01-04,66072.6015625,33430.30859375,205837.4375
2022-01-05,66617.1484375,33619.15625,208693.203125
2022-01-06,66287.859375,33555.20703125,212658.0625
2022-01-07,67463.4453125,33134.55078125,212913.828125
2022-01-10,67815.3359375,33236.47265625,214730.4375
2022-01-11,66764.5859375,32838.8046875,215700.671875
2022-01-12,70153.7265625,33263.4453125,216005.40625
2022-01-13,69383.109375,32401.162109375,217128.53125
2022-01-14,68596.765625,32219.310546875,217198.46875
2022-01-17,69450.9375,32323.228515625,212931.828125
2022-01-18,69622.9453125,33162.53125,210134.078125
2022-01-19,72758.4921875,33229.47265625,201740.671875
2022-01-20,71491.5,33048.62109375,199062.8125
2022-01-21,69195.375,32761.861328125,201005.265625
2022-01-24,67449.6875,31822.640625,197885.75
2022-01-25,66458.890625,31345.03515625,199845.203125
2022-01-26,69197.3359375,32076.43359375,199842.203125
2022-01-27,69708.4609375,32372.189453125,198842.96875
2022-01-28,68157.3984375,32373.1875,198995.84375
2022-01-31,66598.46875,33106.578125,201652.765625
2022-02-01,67183.3125,33151.54296875,206337.0625
2022-02-02,67894.953125,33472.2734375,205119.0
2022-02-03,67957.859375,34164.703125,206414.984375
2022-02-04,68693.09375,33922.8984375,205935.375
2022-02-07,70210.7421875,33860.953125,205837.4375
2022-02-08,71285.0859375,33637.13671875,209198.796875
2022-02-09,71431.5390625,33940.88671875,212218.40625
2022-02-10,72127.453125,33913.9140625,209859.265625
2022-02-11,72099.9296875,32872.77734375,212588.140625
2022-02-14,71755.90625,32953.69921875,211170.25
2022-02-15,70719.8984375,33611.1640625,208835.078125
2022-02-16,71763.7734375,33953.875,208551.296875
2022-02-17,70884.046875,34105.75390625,207533.109375
2022-02-18,71655.6484375,33385.34375,207659.015625
2022-02-21,71792.2734375,33376.359375,209334.671875
2022-02-22,72947.21875,32816.8125,208884.046875
2022-02-23,71309.65625,32460.115234375,209763.34375
2022-02-24,72268.015625,30390.828125,204293.65625
2022-02-25,72967.859375,31430.96484375,207500.125
2022-02-28,76863.2109375,31214.142578125,207271.28125
2022-03-01,80108.8515625,31593.830078125,209458.5625
2022-03-02,79380.5,30921.38671875,209649.4375
2022-03-03,81536.0703125,30674.58984375,211033.359375
2022-03-04,77572.890625,29287.7421875,206192.15625
2022-03-07,76570.3046875,27690.064453125,200717.5
2022-03-08,75194.1953125,28101.720703125,199461.484375
2022-03-09,72260.1484375,28074.748046875,201558.8125
2022-03-10,74211.265625,29512.5546875,203839.046875
2022-03-11,75307.234375,28940.02734375,207056.484375
2022-03-14,72422.3359375,28910.052734375,210817.53125
2022-03-15,70512.5,29678.416015625,208766.140625
2022-03-16,68953.5703125,31394.99609375,221406.171875
2022-03-17,69898.1640625,31543.87109375,222358.40625
2022-03-18,70676.6484375,31640.791015625,221002.46875
2022-03-22,76062.125,31857.61328125,219965.28125
2022-03-23,74977.953125,31368.97265625,222824.03125
2022-03-24,74624.1015625,31188.10546875,220625.78125
2022-03-25,75670.921875,30977.259765625,221627.984375
2022-03-28,73818.09375,30810.3828125,225309.0625
2022-03-29,71081.6171875,31762.681640625,232200.625
2022-03-30,74002.8828125,31704.7265625,232600.3125
2022-03-31,75729.8984375,31778.669921875,233970.234375
2022-04-01,76846.5078125,31652.76171875,233218.828125
2022-04-04,76932.0234375,32077.453125,237160.734375
2022-04-05,76611.5859375,31630.78125,235312.171875
2022-04-06,75931.3984375,31953.54296875,235818.75
2022-04-07,75321.0,31974.525390625,235548.96875
2022-04-08,77878.578125,32109.4296875,233471.640625
2022-04-11,76373.71875,31931.556640625,230318.125
2022-04-12,75823.2734375,32038.478515625,226818.875
2022-04-13,76808.171875,31776.673828125,216530.015625
2022-04-14,78300.2578125,31473.896484375,214830.359375
2022-04-19,79070.875,31476.892578125,209997.171875
2022-04-20,77848.109375,32875.87109375,206759.703125
2022-04-21,72743.75,32913.83984375,214286.796875
2022-04-22,69146.2265625,32975.796875,214194.84375
2022-04-25,63988.7890625,31900.580078125,220699.703125
2022-04-26,64717.140625,32300.287109375,223738.3125
2022-04-28,67532.25,32816.90625,227422.40625
2022-04-29,70106.546875,33025.75390625,222140.59375
2022-05-03,69923.7265625,32267.3125,213208.640625
2022-05-04,68805.1484375,31664.75390625,210407.9375
2022-05-05,69151.140625,31696.73046875,208359.296875
2022-05-06,67644.3046875,30400.681640625,205155.46875
2022-05-09,65600.796875,29748.162109375,198123.21875
2022-05-10,64522.51953125,30198.830078125,200347.71875
2022-05-11,66264.2734375,31748.693359375,202573.21875
2022-05-12,62950.8125,31922.56640625,208600.140625
2022-05-13,63891.4765625,32997.77734375,211856.953125
2022-05-16,65748.234375,33128.6796875,213855.625
2022-05-17,68101.3671875,32680.009765625,215755.3125
2022-05-18,66942.4921875,32968.80078125,217974.8125
2022-05-19,66743.9453125,32026.490234375,217323.265625
2022-05-20,68716.6875,31646.76953125,214854.921875
2022-05-23,71109.140625,32173.380859375,212456.546875
2022-05-24,70571.4765625,31866.60546875,209858.28125
2022-05-25,72039.9765625,31715.716796875,203362.671875
2022-05-26,73001.28125,32854.87890625,209948.21875
2022-05-27,73647.0625,33373.50390625,214486.171875
2022-05-30,74306.609375,33701.2578125,221982.109375
2022-05-31,74899.3203125,33485.41796875,225169.953125
2022-06-01,73901.640625,33141.671875,220230.3125
2022-06-02,74774.484375,32767.947265625,214585.109375
2022-06-03,73445.5625,32704.990234375,213409.890625
2022-06-06,75613.90625,33107.6953125,213920.5625
2022-06-07,76098.4921875,32769.9453125,206600.484375
2022-06-08,74991.7109375,32369.23828125,206360.671875
2022-06-09,73659.84375,32106.4296875,207330.015625
2022-06-10,69689.7890625,31976.525390625,205986.921875
2022-06-13,67538.1484375,31481.888671875,204382.984375
2022-06-14,65626.3515625,31576.81640625,204951.609375
2022-06-15,68300.90625,32336.26171875,209858.28125
2022-06-17,63591.68359375,31228.076171875,207359.984375
2022-06-20,64672.90625,31647.76953125,213162.046875
2022-06-21,64528.41796875,32169.384765625,211207.375
2022-06-22,62078.953125,30897.318359375,208443.25
2022-06-23,59592.140625,30085.9140625,208585.15625
2022-06-24,59042.6796875,30869.33984375,210097.140625
2022-06-27,60342.1171875,30919.302734375,207852.640625
2022-06-28,60779.51953125,31327.00390625,205661.125
2022-06-29,60141.59765625,31210.08984375,202727.109375
2022-06-30,57058.14453125,30658.4921875,198079.234375
2022-07-01,54364.9140625,30603.533203125,196867.0625
2022-07-04,55695.80078125,30839.359375,200945.3125
2022-07-05,51189.06640625,30203.828125,195399.046875
2022-07-06,51851.55859375,30841.359375,195909.734375
2022-07-07,55889.4375,31271.04296875,200655.515625
2022-07-08,56498.85546875,31727.70703125,198973.640625
2022-07-11,53875.4140625,31441.919921875,196967.015625
2022-07-12,53504.84765625,31579.81640625,197866.40625
2022-07-13,53451.76953125,30972.263671875,195720.859375
2022-07-14,51001.32421875,31043.2109375,193988.0
2022-07-15,50882.390625,31469.896484375,197090.90625
2022-07-18,53527.45703125,32351.25,199614.203125
2022-07-19,52859.0625,32608.0625,202231.453125
2022-07-20,53162.7890625,31871.6015625,202162.484375
2022-07-21,52055.02734375,31927.560546875,206959.265625
2022-07-22,53411.47265625,31459.904296875,205589.171875
2022-07-25,54260.72265625,30335.728515625,202072.546875
2022-07-26,55314.42578125,30477.625,202774.078125
2022-07-27,55206.30078125,31021.23046875,202566.21875
2022-07-28,56260.98828125,30569.556640625,203559.53125
2022-07-29,58912.93359375,30577.552734375,199068.5625
2022-08-01,56811.4296875,30811.380859375,199799.109375
2022-08-02,55633.87890625,30462.63671875,198049.28125
2022-08-03,55931.70703125,30806.384765625,201907.640625
2022-08-04,56690.52734375,30437.65625,202775.078125
2022-08-05,58353.6484375,30699.466796875,206591.5
2022-08-08,58436.2109375,30759.419921875,206326.6875
2022-08-10,57542.73046875,30907.30859375,209547.515625
2022-08-11,59351.3203125,32424.1953125,210451.90625
2022-08-12,56931.34765625,32442.18359375,212424.5625
2022-08-15,56261.96875,32119.41796875,214758.96875
2022-08-16,58705.53515625,32282.30078125,214906.890625
2022-08-17,55974.953125,32516.12890625,214259.328125
2022-08-18,57403.15234375,32783.9296875,214375.234375
2022-08-19,55968.07421875,32276.306640625,210357.953125
2022-08-22,55817.68359375,32381.228515625,208209.421875
2022-08-23,57894.6171875,32795.921875,209430.59375
2022-08-24,56766.21484375,33824.16796875,208858.984375
2022-08-25,56861.55859375,32999.77734375,208864.953125
2022-08-26,57549.609375,33689.26171875,211912.890625
2022-08-29,56407.4453125,34035.015625,211535.15625
2022-08-30,54238.1171875,33441.44921875,211955.859375
2022-08-31,54213.54296875,32481.15625,204217.109375
2022-09-01,52347.94140625,32710.986328125,203118.859375
2022-09-02,53898.0234375,32909.84765625,209207.734375
2022-09-05,54079.86328125,33056.73046875,212484.53125
2022-09-06,54798.38671875,33000.77734375,214051.46875
2022-09-07,53864.6015625,31694.732421875,209595.484375
2022-09-08,54537.91015625,31504.87109375,189871.78125
2022-09-09,57818.93359375,31646.76953125,190303.484375
2022-09-12,59123.28125,31783.666015625,191203.890625
2022-09-13,57363.8359375,31222.080078125,183007.421875
2022-09-14,56860.57421875,31088.1796875,179056.09375
2022-09-15,55551.3125,30791.396484375,176880.5625
2022-09-16,55977.90234375,30247.794921875,174299.296875
2022-09-19,55333.1015625,29678.2109375,172123.78125
2022-09-20,55119.8046875,29899.048828125,172683.390625
2022-09-21,55659.43359375,29370.369140625,169885.28125
2022-09-22,55374.3828125,28884.662109375,164794.703125
2022-09-23,51277.52734375,28369.96875,162921.0
2022-09-26,50377.1640625,27994.1953125,163814.390625
2022-09-27,50915.80859375,28865.671875,170861.625
2022-09-28,51702.15625,28517.880859375,179878.546875
2022-09-29,53839.046875,27859.27734375,161405.015625
2022-09-30,53668.015625,27865.271484375,155195.21875
2022-10-03,55481.5234375,28041.166015625,155267.15625
2022-10-04,57389.390625,28558.85546875,163689.484375
2022-10-05,56565.6953125,28438.927734375,170432.90625
2022-10-06,54891.765625,28582.83984375,174881.90625
2022-10-07,54906.5078125,28652.798828125,176680.703125
2022-10-10,54161.4453125,28488.8984375,176904.5625
2022-10-11,53375.1015625,28570.84765625,180265.28125
2022-10-12,52666.41015625,28464.912109375,182123.03125
2022-10-13,53334.80078125,28406.947265625,181864.203125
2022-10-14,52269.3046875,28133.111328125,179915.515625
2022-10-17,54131.9609375,28582.83984375,183936.8125
2022-10-18,53956.99609375,28452.919921875,182824.546875
2022-10-19,53209.96875,28582.83984375,184454.578125
2022-10-20,53496.00390625,28717.76171875,182758.609375
2022-10-21,54375.7265625,28582.83984375,181069.609375
2022-10-24,54945.82421875,28782.72265625,180808.75
2022-10-25,54492.6953125,29499.291015625,185284.09375
2022-10-26,56159.74609375,29746.142578125,191528.34375
2022-10-27,55386.1796875,29748.142578125,189611.46875
2022-10-28,54676.50390625,29769.12890625,190884.71875
2022-10-31,54738.42578125,29538.267578125,189943.296875
2022-11-01,56145.0,30031.97265625,190540.9375
2022-11-02,55505.11328125,29340.38671875,193882.921875
2022-11-03,53662.1171875,28887.658203125,190082.203125
2022-11-04,59808.3828125,29710.1640625,192669.671875
2022-11-07,60192.7109375,29984.998046875,192532.71875
2022-11-08,60016.765625,29865.072265625,193913.921875
2022-11-09,60754.9453125,29863.072265625,191326.453125
2022-11-10,62451.484375,30247.841796875,196604.3125
2022-11-11,66787.1953125,29659.193359375,198685.0625
2022-11-14,66064.734375,29442.32421875,200445.0
2022-11-15,67481.140625,29014.58203125,197334.890625
2022-11-16,64637.5234375,28976.603515625,200884.734375
2022-11-17,63558.265625,29644.203125,197229.921875
2022-11-18,63856.09375,30731.55078125,199671.46875
2022-11-21,62381.6953125,30937.427734375,199092.8125
2022-11-22,63342.01953125,31988.798828125,201686.25
2022-11-23,64603.12109375,33553.86328125,200801.78125
2022-11-24,65023.8125,33483.90234375,201458.390625
2022-11-25,65265.61328125,34113.5234375,200461.984375
2022-11-28,64302.34375,33696.76953125,201073.640625
2022-11-29,65863.234375,32806.30859375,198131.390625
2022-11-30,67737.6875,33340.98828125,202308.890625
2022-12-01,70541.984375,33351.98046875,183521.109375
2022-12-02,68758.953125,33702.765625,188468.171875
2022-12-05,70452.5390625,33597.828125,189234.71875
2022-12-06,69041.0546875,33809.69921875,188826.953125
2022-12-07,67820.25,33429.9296875,189486.5625
2022-12-08,68293.0390625,33452.921875,189009.859375
2022-12-09,66919.890625,34205.46875,189886.328125
2022-12-12,67054.546875,34410.34375,187073.03125
2022-12-13,69026.3046875,34408.34375,188158.375
2022-12-14,65453.35546875,33958.6171875,187675.640625
2022-12-15,65460.234375,33419.94140625,181891.125
2022-12-19,64887.1875,34050.5625,188021.4375
2022-12-20,64767.26953125,33733.75,188095.390625
2022-12-21,66635.8203125,33818.69921875,189821.34375
2022-12-22,65400.27734375,33733.75,188403.21875
2022-12-23,65691.2265625,33810.69921875,189807.34375
2022-12-28,67554.859375,33584.84375,189143.765625
2022-12-29,65882.8984375,33327.98828125,186855.125
2022-12-30,65201.7265625,32965.2109375,185745.8125
2023-01-03,65414.0390625,33413.94140625,187755.609375
2023-01-04,63533.69140625,33564.84375,189465.578125
2023-01-05,66441.203125,33657.7890625,186555.3125
2023-01-06,70000.390625,34004.5859375,187179.9375
2023-01-09,71796.203125,34771.12109375,191604.296875
2023-01-10,70771.0078125,35051.95703125,189479.578125
2023-01-11,71955.4453125,34508.28515625,190024.25
2023-01-12,71966.25,35236.84375,192972.5
2023-01-13,72122.5390625,35738.546875,194496.546875
2023-01-16,72564.859375,35959.41015625,193815.96875
2023-01-17,73711.9375,34932.03125,190261.109375
2023-01-18,75516.6015625,35488.6953125,188387.21875
2023-01-19,74653.5859375,35485.6953125,187342.84375
2023-01-20,74356.7421875,35335.7890625,185028.234375
2023-01-23,75239.4140625,35908.44140625,188751.0
2023-01-24,73588.0859375,36137.30859375,185089.21875
2023-01-25,74774.484375,35810.5,184246.703125
2023-01-26,74750.8984375,36777.92578125,181391.40625
2023-01-27,74711.578125,36724.94921875,181508.328125
2023-01-30,74578.8828125,36328.19140625,181227.5
2023-01-31,71994.7578125,35828.4921875,179067.78125
2023-02-01,70664.8515625,38181.078125,181810.171875
2023-02-02,69756.625,38771.72265625,182006.046875
2023-02-03,70457.453125,38916.640625,182744.609375
2023-02-06,69579.6953125,38719.7578125,181622.28125
2023-02-07,70461.390625,38525.87109375,177601.671875
2023-02-08,70482.03125,38525.87109375,177378.796875
2023-02-09,70822.125,37977.203125,177828.546875
2023-02-10,68717.6640625,37977.203125,174121.765625
2023-02-13,68829.71875,38856.67578125,177059.0
2023-02-14,69008.6171875,38543.86328125,178243.296875
2023-02-15,66782.2734375,38486.8984375,178824.9375
2023-02-16,69548.2421875,38205.06640625,177428.796875
2023-02-17,68411.9765625,37612.42578125,179079.78125
2023-02-20,71102.2578125,37577.4453125,179183.734375
2023-02-21,68735.359375,37327.58984375,179384.609375
2023-02-22,65855.375,38076.14453125,179272.671875
2023-02-23,66568.984375,39630.2109375,179892.3125
2023-02-24,61914.8046875,38600.82421875,175756.765625
2023-02-27,62401.35546875,39562.25,173646.03125
2023-02-28,62580.25,40195.87109375,175346.03125
2023-03-01,64080.19921875,40341.78515625,176117.546875
2023-03-02,63611.34375,39887.0546875,174045.796875
2023-03-03,65155.52734375,40059.95703125,173147.34375
2023-03-06,62755.2109375,40936.421875,176993.0625
2023-03-07,62514.390625,40808.50390625,178916.90625
2023-03-08,61895.14453125,40803.5078125,175868.703125
2023-03-09,61855.828125,39997.98828125,175004.234375
2023-03-10,60902.38671875,40425.734375,168771.96875
2023-03-13,60082.62109375,39566.25,165118.140625
2023-03-14,59488.9296875,39279.41796875,163177.3125
2023-03-15,55268.2265625,38445.921875,158181.296875
2023-03-16,54425.85546875,38774.72265625,159363.578125
2023-03-17,54837.703125,38365.96484375,159899.265625
2023-03-20,58201.29296875,38513.8828125,159078.75
2023-03-22,57913.29296875,38510.28125,155143.109375
2023-03-23,56812.41015625,38891.1015625,163089.359375
2023-03-24,55648.62109375,39009.0390625,161484.328125
2023-03-27,56104.69921875,39807.65234375,164993.21875
2023-03-28,56923.48046875,40180.46875,168822.9375
2023-03-29,57421.828125,40091.515625,170758.765625
2023-03-30,58484.375,39765.671875,170801.75
2023-03-31,57599.73828125,39830.640625,168668.03125
2023-04-03,58270.09765625,39973.57421875,172567.671875
2023-04-04,58091.203125,40578.27734375,177116.96875
2023-04-05,57304.859375,40069.5234375,173467.15625
2023-04-06,58458.8203125,40457.3359375,175372.015625
2023-04-11,60358.82421875,40129.5,176365.421875
2023-04-12,60126.85546875,39927.59375,180212.125
2023-04-13,59949.92578125,40024.546875,177705.640625
2023-04-14,59547.90625,40395.3671875,177893.515625
2023-04-17,60094.41796875,40480.32421875,174794.34375
2023-04-18,62113.35546875,40873.13671875,166900.109375
2023-04-19,60988.8828125,40505.30859375,162760.5625
2023-04-20,59945.01171875,40888.125,163465.15625
2023-04-21,56458.5546875,40974.0859375,163402.171875
2023-04-24,55805.890625,41088.02734375,161132.546875
2023-04-25,54527.09765625,41552.8046875,158840.890625
2023-04-26,55199.421875,41289.9296875,161903.09375
2023-04-28,55112.92578125,41609.77734375,159191.6875
2023-05-02,53802.67578125,41071.0390625,158476.125
2023-05-03,54669.62109375,40951.09765625,157376.765625
2023-05-04,53608.05859375,39730.69140625,155194.109375
2023-05-05,55895.3359375,38981.0546875,159403.578125
2023-05-08,56911.6875,39168.96484375,159392.578125
2023-05-09,56081.109375,39931.59375,159904.265625
2023-05-10,57217.37890625,40319.3984375,153966.78125
2023-05-11,55117.83984375,39552.7734375,148180.234375
2023-05-12,55599.4765625,40854.140625,149532.671875
2023-05-15,55666.3125,40915.11328125,148077.28125
2023-05-16,54969.41796875,40882.12890625,147816.390625
2023-05-17,55757.7265625,40290.4140625,142226.765625
2023-05-18,55349.80859375,40263.4296875,140562.46875
2023-05-19,56508.6875,40382.3671875,146226.078125
2023-05-22,55389.12890625,40219.453125,144769.671875
2023-05-23,55195.4921875,39902.60546875,143640.15625
2023-05-24,53177.53515625,40912.11328125,145122.515625
2023-05-25,54326.578125,41762.69921875,141103.25
2023-05-26,55362.58984375,41452.8515625,140237.609375
2023-05-29,56146.96875,41962.6015625,140303.5625
2023-05-30,54896.6796875,41679.7421875,137057.953125
2023-05-31,53971.7421875,41980.59375,134942.859375
2023-06-01,55904.18359375,42523.33203125,136191.3125
2023-06-02,57970.3046875,42641.27734375,138035.546875
2023-06-05,56882.19921875,42779.20703125,138125.5
2023-06-06,57678.375,40802.171875,139057.109375
2023-06-07,57721.62109375,40579.27734375,141483.078125
2023-06-08,57388.41015625,40604.265625,143090.390625
2023-06-09,56811.4296875,41504.828125,150154.421875
2023-06-12,55188.609375,41794.68359375,144938.609375
2023-06-13,57114.171875,42592.296875,147310.609375
2023-06-14,59192.0859375,42442.37109375,150407.296875
2023-06-15,59152.76953125,43062.0703125,153113.15625
2023-06-19,57028.65625,42682.25390625,152084.59375
2023-06-20,55203.35546875,41816.67578125,154984.359375
2023-06-21,53873.44921875,41847.66015625,155186.28125
2023-06-22,53590.36328125,41974.59765625,152085.59375
2023-06-23,52887.5703125,41530.8125,150532.234375
2023-06-26,52852.18359375,41284.93359375,150741.140625
2023-06-27,52797.140625,40606.26171875,151649.78125
2023-06-28,51611.7265625,40657.23828125,152677.328125
2023-06-29,51992.1171875,40484.3203125,152935.21875
2023-06-30,52805.00390625,41308.92578125,156716.625
2023-07-03,54464.19140625,41571.796875,156047.90625
2023-07-04,54178.15625,41456.84765625,156905.53125
2023-07-05,53373.13671875,41375.890625,156932.53125
2023-07-06,51308.98046875,40443.33984375,152553.375
2023-07-07,52537.64453125,41369.89453125,153570.96875
2023-07-10,52193.62109375,41684.73828125,153372.0625
2023-07-11,52441.3203125,41281.93359375,154434.59375
2023-07-12,54061.1875,41779.69140625,158424.90625
2023-07-13,55024.4609375,41481.8359375,163297.828125
2023-07-14,54773.8125,42254.4609375,165001.09375
2023-07-17,53471.4296875,42630.28125,167329.140625
2023-07-18,52817.78125,42524.328125,167490.046875
2023-07-19,52208.36328125,42085.54296875,163704.671875
2023-07-20,54211.578125,41984.59375,164462.34375
2023-07-21,54129.9921875,41890.640625,162736.09375
2023-07-24,53572.671875,42136.51953125,166229.578125
2023-07-25,56035.89453125,41586.7890625,165469.90625
2023-07-26,55261.34765625,41044.05078125,171138.515625
2023-07-27,54749.23828125,41056.04296875,175665.59375
2023-07-28,53070.39453125,41988.59375,178922.234375
2023-07-31,53909.81640625,42339.421875,179265.0625
2023-08-01,53713.23046875,42920.140625,175517.671875
2023-08-02,51745.40234375,42523.33203125,171438.375
2023-08-03,52161.18359375,42286.4453125,173365.578125
2023-08-04,51667.75390625,41979.59765625,180310.625
2023-08-07,51603.86328125,42248.46484375,178385.453125
2023-08-08,51063.25,42413.38671875,177358.875
2023-08-10,51364.02734375,42593.296875,178044.59375
2023-08-11,50753.625,41877.6484375,178285.484375
2023-08-14,49302.8203125,42179.5,175749.546875
2023-08-15,48301.21484375,41781.69140625,171603.3125
2023-08-16,47377.2578125,41939.6171875,171254.46875
2023-08-17,48009.28515625,41915.625,168952.421875
2023-08-18,46680.36328125,40437.34765625,165146.046875
2023-08-21,47165.9296875,40613.26171875,168911.453125
2023-08-22,47059.7734375,40331.3984375,165937.734375
2023-08-23,47442.1328125,40904.12109375,166929.296875
2023-08-24,47412.64453125,40556.2890625,169417.25
2023-08-25,46754.08203125,40704.21875,162496.1875
2023-08-28,48389.6796875,40894.125,161929.40625
2023-08-29,47936.546875,40332.3984375,160422.0625
2023-08-30,48530.23828125,43278.96484375,161528.578125
2023-08-31,49833.6015625,42462.36328125,158402.90625
2023-09-01,49765.78125,42734.23046875,155744.015625
2023-09-04,50455.796875,44066.58203125,159932.25
2023-09-05,49827.70703125,43832.6953125,163228.875
2023-09-06,49086.57421875,44073.578125,159154.59375
2023-09-07,47578.76171875,44412.4140625,155675.0625
2023-09-08,47513.88671875,45595.8359375,171195.484375
2023-09-11,48507.62890625,45677.796875,171827.21875
2023-09-12,48596.09375,44395.42578125,171300.4375
2023-09-13,48683.57421875,44199.515625,172926.75
2023-09-14,52390.20703125,44113.55859375,170719.6875
2023-09-15,53437.02734375,44609.3203125,170913.609375
2023-09-18,52568.1171875,43783.71875,168928.453125
2023-09-19,52208.36328125,43077.05859375,169428.25
2023-09-20,52566.15234375,43669.7734375,172017.15625
2023-09-21,51022.94921875,43230.984375,169995.0
2023-09-22,50752.64453125,43051.07421875,168289.734375
2023-09-26,50140.27734375,43029.0859375,167076.25
2023-09-27,49989.890625,42415.31640625,164493.328125
2023-09-28,51668.734375,42784.1796875,175073.84375
2023-09-29,51630.40234375,42209.390625,171560.34375
2023-10-02,50799.82421875,41788.54296875,169717.109375
2023-10-03,49598.68359375,41992.46875,173009.734375
2023-10-04,49146.53515625,41483.65625,173822.390625
2023-10-05,49455.17578125,42394.3203125,174897.90625
2023-10-06,50089.1640625,42409.31640625,177519.8125
2023-10-09,49967.28125,41966.48046875,177924.640625
2023-10-10,52217.2109375,42921.125,183522.25
2023-10-11,51897.7578125,42584.25390625,180925.375
2023-10-12,51255.90234375,43009.09765625,178548.375
2023-10-13,50862.73046875,41844.52734375,175599.625
2023-10-16,51646.12890625,41603.61328125,176201.375
2023-10-17,50925.640625,40843.89453125,176338.3125
2023-10-18,49667.48828125,40370.07421875,172989.75
2023-10-19,48886.05859375,40345.078125,171310.296875
2023-10-20,46779.63671875,40695.94921875,166543.90625
2023-10-23,46198.7265625,40442.04296875,168563.234375
2023-10-24,47375.29296875,40952.85546875,169143.046875
2023-10-25,47052.890625,40464.0390625,168443.265625
2023-10-26,47172.80859375,40393.0625,165716.203125
2023-10-27,46994.8984375,39766.29296875,163923.796875
2023-10-30,47357.6015625,40463.0390625,165169.375
2023-10-31,46845.4921875,39524.3828125,165433.28125
2023-11-01,46669.55078125,40085.17578125,165965.109375
2023-11-02,47928.68359375,40594.98828125,175563.875
2023-11-03,48799.55859375,40574.9921875,185433.546875
2023-11-06,49775.609375,40990.83984375,187936.703125
2023-11-07,47501.109375,40768.92578125,187436.875
2023-11-08,47622.0078125,41953.484375,191017.671875
2023-11-09,46872.03125,42453.30078125,189036.34375
2023-11-10,45004.46484375,42669.22265625,191626.46875
2023-11-13,45860.59765625,43027.0859375,192348.21875
2023-11-14,48394.59375,41420.6796875,195434.1875
2023-11-15,49015.8046875,41513.64453125,198941.0
2023-11-16,48849.69140625,41776.55078125,195254.234375
2023-11-17,50167.80078125,41390.69140625,195714.09375
2023-11-20,50571.78515625,40911.8671875,196322.875
2023-11-21,51043.58984375,40222.125,198355.1875
2023-11-22,51577.32421875,40584.9921875,197168.59375
2023-11-23,51847.62890625,41430.6796875,196207.9375
2023-11-24,51482.9609375,41583.62109375,199932.671875
2023-11-27,51210.6875,41501.65234375,197306.546875
2023-11-28,51240.17578125,41322.71875,197430.515625
2023-11-29,50219.89453125,41084.8046875,195971.015625
2023-11-30,50287.71875,41311.71875,196004.96875
2023-12-01,53152.9609375,40834.90234375,195377.203125
2023-12-04,51973.4453125,41443.67578125,194250.59375
2023-12-05,50522.63671875,41220.75390625,191907.375
2023-12-06,51619.58984375,40440.04296875,195201.265625
2023-12-07,51672.66796875,39685.32421875,194757.421875
2023-12-08,44790.1875,40979.84375,193215.9375
2023-12-11,42929.5,41084.8046875,193948.6875
2023-12-12,39680.91015625,40405.05859375,189985.015625
2023-12-13,39150.12890625,40418.05078125,189928.03125
2023-12-14,41312.578125,42285.359375,195812.046875
2023-12-18,42560.8984375,40314.08984375,188822.421875
2023-12-19,43171.30078125,40514.015625,189670.125
2023-12-20,43361.98828125,41419.6796875,191523.5
2023-12-21,44096.23828125,41437.67578125,192479.1875
2023-12-22,44674.19921875,41325.71875,198433.1875
2023-12-27,46590.9140625,42271.3671875,199728.71875
2023-12-28,46315.6953125,42263.37109375,200437.5
2023-12-29,46540.78515625,42649.2265625,202567.78125
2024-01-02,44774.4609375,42534.26953125,201001.296875
2024-01-03,43248.94921875,41648.59765625,197774.390625
2024-01-04,43813.15234375,41433.67578125,194425.515625
2024-01-05,43937.00390625,41752.55859375,196492.8125
2024-01-08,42668.0390625,41584.62109375,199449.828125
2024-01-09,42395.765625,41755.55859375,196233.921875
2024-01-10,43072.0234375,42316.34765625,196951.6875
2024-01-11,43072.0234375,42152.41015625,198345.1875
2024-01-12,43383.61328125,43574.8828125,200720.390625
2024-01-15,42796.80078125,43762.8125,197095.625
2024-01-16,42266.01953125,43973.73828125,202903.671875
2024-01-17,41305.6953125,44725.4609375,201692.0625
2024-01-18,42207.04296875,44186.66015625,206103.59375
2024-01-19,42266.01953125,44905.390625,208352.8125
2024-01-22,41874.8125,44969.3671875,204626.078125
2024-01-23,43038.6015625,44087.69921875,208591.734375
2024-01-24,43695.19921875,43943.74609375,204623.078125
2024-01-25,43028.7734375,43679.84765625,204930.984375
2024-01-26,44155.2109375,44711.46484375,204930.984375
2024-01-29,44153.24609375,44757.44921875,200302.546875
2024-01-30,44428.46875,44430.56640625,199932.671875
2024-01-31,44440.26171875,45396.21484375,199732.71875
2024-02-01,43552.67578125,47395.47265625,199864.6875
2024-02-02,42973.73046875,47054.59765625,198697.078125
2024-02-05,42324.99609375,47497.43359375,200536.46875
2024-02-06,42846.93359375,47233.53125,203892.328125
2024-02-07,41530.7890625,46318.87109375,204682.0625
2024-02-08,40929.234375,45518.16796875,203731.390625
2024-02-09,40116.3515625,44744.453125,202243.890625
2024-02-12,41437.41015625,44868.40625,201931.984375
2024-02-13,40997.0546875,44619.5,199932.671875
2024-02-14,40616.6640625,44333.60546875,200431.5
2024-02-15,41310.609375,43783.80859375,199688.75
2024-02-16,42295.5078125,44317.609375,202477.8125
2024-02-19,41864.984375,44307.61328125,203931.3125
2024-02-20,40987.2265625,43798.80078125,204565.109375
2024-02-21,40948.89453125,44218.6484375,207976.953125
2024-02-22,42174.60546875,45042.33984375,209729.375
2024-02-23,43445.53515625,45982.99609375,205619.75
2024-02-26,41891.5234375,45508.16796875,201773.046875
2024-02-27,42152.984375,44983.36328125,201018.296875
2024-02-28,40882.0546875,44990.36328125,199893.6875
2024-02-29,41301.765625,44853.4140625,201709.0625
2024-03-01,40976.4140625,44443.5625,204980.96875
2024-03-04,40477.0859375,44695.47265625,204831.03125
2024-03-05,40067.203125,44860.41015625,201576.109375
2024-03-06,41850.23828125,45966.0,206799.359375
2024-03-07,43582.1640625,45625.125,203431.484375
2024-03-08,44009.73828125,45694.1015625,210151.234375
2024-03-11,42929.5,45363.2265625,213428.125
2024-03-12,43524.171875,44883.40234375,211315.828125
2024-03-13,44218.12109375,45482.1796875,212072.578125
2024-03-14,42605.1328125,45446.19140625,211041.921875
2024-03-15,43918.328125,45266.26171875,208760.703125
2024-03-18,43248.94921875,45090.32421875,205963.640625
2024-03-19,42718.16796875,44506.72265625,205340.84375
2024-03-20,43299.078125,45673.4296875,205839.671875
2024-03-22,45699.3984375,45508.46875,207787.03125
2024-03-25,45654.18359375,46288.2734375,208921.640625
2024-03-26,45034.9375,46481.2265625,211281.84375
2024-03-27,44665.35546875,46410.2421875,210529.09375
2024-03-28,45722.00390625,46169.3046875,209508.453125
2024-04-02,47107.9375,46172.3046875,209929.3125
2024-04-03,47421.4921875,45177.5546875,209907.3125
2024-04-04,48996.14453125,45837.38671875,217471.765625
2024-04-05,48886.05859375,44770.65625,219854.953125
2024-04-08,49525.9453125,43488.98046875,221954.25
2024-04-09,50225.79296875,43813.8984375,219925.9375
2024-04-10,50012.49609375,44153.8125,212418.453125
2024-04-11,49173.07421875,43988.85546875,211803.65625
2024-04-12,51117.3125,43295.02734375,204038.28125
2024-04-15,50596.359375,42331.27734375,204276.203125
2024-04-16,48745.5,42386.26171875,200932.328125
2024-04-17,50581.61328125,41533.4765625,198083.296875
2024-04-18,51028.84765625,41589.4609375,201642.09375
2024-04-19,51087.82421875,41539.4765625,199932.671875
2024-04-22,49755.953125,42149.3203125,201598.109375
2024-04-23,48851.65625,42187.30859375,217304.8125
2024-04-24,50501.99609375,42589.20703125,215673.359375
2024-04-25,60057.06640625,42189.30859375,216144.203125
2024-04-26,61030.16796875,42551.21875,223891.609375
2024-04-29,62972.4375,42583.2109375,229773.609375
2024-04-30,60646.82421875,43147.06640625,232707.625
2024-05-02,60562.29296875,42849.14453125,228922.90625
2024-05-03,61122.5625,43218.05078125,226923.578125
2024-05-06,60646.82421875,43007.10546875,225708.984375
2024-05-07,61089.14453125,43384.0078125,230439.390625
2024-05-08,60561.30859375,43778.91015625,227923.25
2024-05-09,62359.08984375,43338.01953125,228597.0
2024-05-10,63005.859375,42952.1171875,229359.75
2024-05-13,62396.44140625,44226.79296875,228866.921875
2024-05-14,59319.8671875,44088.83203125,227923.25
2024-05-15,59644.234375,44186.8046875,226833.890625
2024-05-16,59411.28125,43699.92578125,228277.609375
2024-05-17,61010.5078125,43127.07421875,226956.875
2024-05-20,61107.8203125,43139.06640625,228976.484375
2024-05-21,60524.94140625,42727.17578125,227900.6875
2024-05-22,60740.203125,42776.16015625,226699.921875
2024-05-23,61656.29296875,42223.30078125,225957.0625
2024-05-24,60521.9921875,41395.51171875,226517.953125
2024-05-27,60201.5546875,41916.37890625,224621.3125
2024-05-28,58876.56640625,42107.33203125,224360.359375
2024-05-30,58063.68359375,42189.30859375,216420.875
2024-05-31,58352.6640625,41573.46484375,212949.53125
2024-06-03,57872.01171875,41826.40234375,222683.671875
2024-06-04,56297.35546875,41441.5,219801.234375
2024-06-05,56263.9375,42031.3515625,216958.765625
2024-06-06,56872.37109375,42892.1328125,217272.703125
2024-06-07,56274.75,42589.20703125,218459.484375
2024-06-10,55363.5703125,42589.20703125,215818.984375
2024-06-11,54955.65625,42573.21484375,221295.953125
2024-06-12,55197.45703125,42153.3203125,221930.8125
2024-06-13,55289.8515625,41025.60546875,225191.203125
2024-06-14,55114.890625,40484.7421875,237264.90625
2024-06-18,54282.34765625,41548.47265625,258871.796875
2024-06-19,54650.9453125,42739.16796875,259602.65625
2024-06-20,55895.3359375,42440.24609375,258161.9375
2024-06-21,54845.56640625,42060.34375,259946.609375
2024-06-24,56633.51953125,42542.22265625,256851.1875
2024-06-25,56993.26953125,42786.16015625,257147.125
2024-06-26,57373.6640625,43110.07421875,256291.296875
2024-06-27,57068.95703125,42530.22265625,253451.828125
2024-06-28,56665.953125,42476.23828125,262850.0625
2024-07-01,55240.70703125,41364.51953125,265481.5625
2024-07-02,54946.80859375,42823.15234375,262850.0625
2024-07-03,55957.26171875,42817.15234375,266326.375
2024-07-04,55568.01953125,43168.06640625,265449.5625
2024-07-05,55651.5703125,42478.23828125,263610.875
2024-07-08,54955.65625,42377.26171875,264006.84375
2024-07-09,54455.34375,42506.23046875,263449.9375
2024-07-10,54821.9765625,42368.265625,262653.0625
2024-07-11,54668.640625,42108.33203125,269338.8125
2024-07-12,55371.43359375,42080.33984375,273173.09375
2024-07-15,55462.84765625,42687.18359375,278766.03125
2024-07-16,53318.09375,42491.234375,277221.3125
2024-07-17,53215.8671875,42472.23828125,269718.75
2024-07-18,52989.79296875,43738.91796875,268149.03125
2024-07-19,52099.2578125,43608.94921875,270001.6875
2024-07-22,51702.15625,44088.83203125,271526.375
2024-07-23,50915.80859375,44033.84375,273328.0625
2024-07-24,51718.86328125,44221.79296875,274147.90625
2024-07-25,52175.92578125,44802.6484375,276771.40625
2024-07-26,54697.14453125,44296.77734375,277851.1875
2024-07-29,54741.375,44266.78515625,277427.25
2024-07-30,52565.16796875,44400.75,276591.4375
2024-07-31,54227.3046875,45319.515625,283546.125
2024-08-01,52690.984375,44375.7578125,285747.6875
2024-08-02,51296.203125,43730.91796875,281446.5
2024-08-05,50931.53515625,43253.04296875,276344.5
2024-08-06,50947.265625,43000.10546875,278449.0625
2024-08-07,50699.56640625,43153.06640625,279946.78125
2024-08-08,51005.2578125,42689.18359375,276647.4375
2024-08-12,51308.98046875,42862.13671875,273513.0
2024-08-13,50718.2421875,42854.14453125,277072.34375
2024-08-14,49265.46875,43810.90234375,283326.15625
2024-08-15,49898.4765625,43150.06640625,282546.3125
2024-08-16,49318.546875,43599.953125,283432.125
2024-08-19,50798.83984375,43798.90234375,287945.28125
2024-08-20,51421.03515625,43053.08984375,287946.28125
2024-08-21,52553.37109375,43114.07421875,288985.09375
2024-08-22,51852.54296875,43229.05078125,284845.84375
2024-08-23,51968.52734375,43241.04296875,288745.125
2024-08-26,52632.0078125,41616.45703125,292444.4375
2024-08-27,52940.6484375,42079.33984375,295793.78125
2024-08-28,51997.03515625,43988.85546875,291482.625
2024-08-29,51603.86328125,45603.4453125,294864.96875
2024-08-30,50684.8203125,44902.625,292538.40625
2024-09-02,51464.28515625,44529.71875,294222.0625
2024-09-03,48847.72265625,45142.5625,288945.09375
2024-09-04,48657.03515625,45288.5234375,289591.96875
2024-09-05,48592.16015625,45392.5,290650.75
2024-09-06,46787.5,44652.6875,287611.34375
2024-09-09,46635.1484375,44514.72265625,295368.875
2024-09-10,45872.39453125,44663.68359375,300537.875
2024-09-11,46059.1484375,44568.70703125,300537.875
2024-09-12,47152.16796875,44284.77734375,301442.71875
2024-09-13,47757.65234375,44883.62890625,299202.125
2024-09-16,47849.06640625,43818.8984375,298193.3125
2024-09-17,48586.265625,44521.71875,300542.875
2024-09-18,48239.2890625,44388.75390625,299443.09375
2024-09-19,50031.171875,44390.75390625,301543.6875
2024-09-20,48525.32421875,44317.76953125,305088.0
2024-09-23,48031.890625,44801.6484375,307764.53125
2024-09-25,51768.01171875,44199.375,306441.75
2024-09-26,54514.3203125,44057.39453125,310017.0625
2024-09-27,54814.11328125,44552.328125,309460.1875
2024-09-30,54961.55078125,44269.3671875,304393.15625
2024-10-01,55399.94140625,44086.390625,308407.375
2024-10-02,56182.3515625,44135.3828125,312840.53125
2024-10-03,54648.98046875,43994.40234375,309001.28125
2024-10-04,54355.0859375,44166.37890625,307999.46875
2024-10-07,54503.5078125,43966.40625,307567.53125
2024-10-08,51651.04296875,44090.38671875,307093.625
2024-10-09,52193.62109375,44224.37109375,308641.34375
2024-10-10,51641.21484375,44424.34765625,313140.5
2024-10-11,51941.98828125,44594.32421875,320939.0
2024-10-14,51898.7421875,44336.35546875,321999.8125
2024-10-15,50489.21875,44343.35546875,328401.59375
2024-10-16,51161.54296875,44484.33984375,325958.75
2024-10-17,52777.48046875,44453.34375,327368.5625
2024-10-18,53730.921875,44664.31640625,325958.75
2024-10-21,53237.4921875,44135.3828125,323618.03125
2024-10-22,53476.34375,43584.453125,319230.59375
2024-10-23,52864.9609375,43513.4609375,318829.65625
2024-10-24,54157.515625,43044.5234375,322108.25
2024-10-25,55105.0625,42763.55859375,317081.875
2024-10-28,55882.55859375,43026.5234375,318113.75
2024-10-29,56160.7265625,42694.56640625,313272.34375
2024-10-30,54373.76171875,42241.625,316193.96875
2024-10-31,53408.5234375,41709.69140625,317036.875
2024-11-01,54003.1953125,42468.59375,323609.03125
2024-11-04,54282.34765625,42015.65234375,324958.875
2024-11-05,54041.53125,42620.57421875,330758.125
2024-11-06,53326.9375,43131.51171875,327380.5625
2024-11-07,54878.98828125,43295.48828125,330953.125
2024-11-08,52706.7109375,43685.44140625,329495.3125
2024-11-11,52937.69921875,43079.515625,327660.53125
2024-11-12,50602.25390625,45700.18359375,329105.34375
2024-11-13,50743.796875,44777.30078125,327935.5
2024-11-14,50598.32421875,45877.16015625,327458.5625
2024-11-15,51877.1171875,45857.1640625,324936.875
2024-11-18,51495.73828125,45109.2578125,324800.90625
2024-11-19,51923.3125,44686.3125,328668.40625
2024-11-20,53057.6171875,44921.28125,333957.75
2024-11-21,52223.109375,44840.29296875,337657.28125
2024-11-22,52545.5078125,44681.3125,336139.46875
2024-11-25,53205.0546875,44247.3671875,332679.90625
2024-11-26,53162.7890625,44653.31640625,335930.5
2024-11-27,54305.9375,44465.33984375,329592.28125
2024-11-28,53974.69140625,44326.359375,326739.65625
2024-11-29,55864.8671875,44115.38671875,326076.71875
2024-12-02,57839.57421875,44588.32421875,325078.84375
2024-12-03,57992.91015625,44726.30859375,322636.15625
2024-12-04,56700.35546875,45194.24609375,325269.84375
2024-12-05,56659.07421875,45121.2578125,328813.375
2024-12-06,55879.609375,44694.3125,331640.03125
2024-12-09,57371.69921875,44762.3046875,331621.03125
2024-12-10,56227.56640625,44751.3046875,331505.03125
2024-12-11,56432.015625,44796.296875,330636.15625
2024-12-12,56200.046875,44465.33984375,329625.28125
2024-12-13,55176.81640625,44694.3125,332848.875
2024-12-17,55240.70703125,43746.43359375,326168.71875
2024-12-18,54521.19921875,43382.48046875,325510.8125
2024-12-19,53346.59765625,43199.5,318532.6875
2024-12-20,51848.609375,44048.39453125,317598.8125
2024-12-23,52984.87890625,43827.421875,317671.78125
2024-12-24,53529.421875,43787.42578125,316659.9375
2024-12-27,54123.11328125,43606.44921875,316570.9375
2024-12-30,53711.265625,43297.48828125,312951.40625
2024-12-31,54243.03125,43051.51953125,313394.34375
2025-01-02,54146.703125,43294.48828125,311560.5625
2025-01-03,53860.671875,43351.484375,313615.3125
2025-01-06,54511.37109375,43144.5078125,314660.1875
2025-01-07,54537.91015625,43447.46875,317989.75
2025-01-08,54164.39453125,44025.3984375,311195.625
2025-01-09,55747.8984375,44173.37890625,309410.84375
2025-01-10,55859.953125,44648.31640625,306762.1875
2025-01-13,56250.17578125,43202.5,299463.09375
2025-01-14,55737.0859375,42536.5859375,296698.4375
2025-01-15,55576.8671875,43793.42578125,303130.625
2025-01-16,55528.703125,44919.28125,303140.625
2025-01-17,57466.05859375,45789.171875,302145.75
2025-01-20,58166.890625,46287.109375,301258.875
2025-01-21,57579.09765625,45835.16796875,297863.3125
2025-01-22,57469.9921875,45818.16796875,297763.3125
2025-01-23,56909.72265625,46010.14453125,292063.03125
2025-01-24,57303.875,46177.12109375,292063.03125
2025-01-27,55031.33984375,45880.16015625,290913.1875
2025-01-28,54454.359375,46072.13671875,291660.09375
2025-01-29,53700.453125,46266.11328125,296024.53125
2025-01-30,53449.8046875,46826.0390625,294579.71875
2025-01-31,54056.2734375,47643.9375,297224.375
2025-02-03,53058.59765625,47262.984375,297354.375
2025-02-04,53629.68359375,46901.03125,306939.15625
2025-02-05,53104.796875,46683.05859375,309789.78125
2025-02-06,55763.625,47517.953125,317059.875
2025-02-07,56062.43359375,47593.94140625,322459.1875
2025-02-10,56123.375,47545.94921875,315960.0
2025-02-11,54356.06640625,47756.921875,313734.28125
2025-02-12,55062.79296875,47526.94921875,315439.09375
2025-02-13,56145.984375,47058.01171875,311060.625
2025-02-14,56911.6875,46416.09375,307619.0625
2025-02-17,56911.6875,45914.15625,308924.90625
2025-02-18,55541.48046875,46396.09375,313080.375
2025-02-19,54488.76171875,47179.99609375,312366.46875
2025-02-20,56145.0,47193.9921875,310460.71875
2025-02-21,55783.28125,47267.984375,310510.6875
2025-02-24,54081.828125,46790.046875,308950.90625
2025-02-25,53962.89453125,46930.02734375,312541.4375
2025-02-26,54552.65234375,46365.09765625,317901.78125
2025-02-27,54081.828125,46135.12890625,311463.59375
2025-02-28,53486.171875,45032.26953125,307398.09375
2025-03-03,55583.74609375,45320.23046875,308287.96875
2025-03-04,53982.5546875,43873.41796875,304794.4375
2025-03-05,55533.6171875,43414.47265625,306138.25
2025-03-06,56470.3515625,43362.48046875,301901.78125
2025-03-07,55026.42578125,43389.4765625,301961.78125
2025-03-10,52685.0859375,43588.453125,299670.0625
2025-03-11,52145.45703125,42763.55859375,295008.65625
2025-03-12,52136.609375,42746.55859375,298223.25
2025-03-13,52653.6328125,42564.58203125,297334.375
2025-03-14,53514.6796875,42907.5390625,300401.96875
2025-03-17,53959.9453125,42818.55078125,306087.25
2025-03-18,54281.36328125,42714.5625,308042.0
2025-03-19,54425.85546875,43295.48828125,314160.25
2025-03-20,54435.68359375,43317.48828125,318034.75
2025-03-24,53498.953125,43294.48828125,313064.375
2025-03-25,55335.06640625,43994.40234375,320532.4375
2025-03-26,55172.8828125,43316.0,326532.6875
2025-03-27,53587.4140625,43570.0,322113.25
2025-03-28,52211.3125,43800.0,312689.4375
2025-03-31,50222.84375,43945.0,310226.75
2025-04-01,49822.79296875,44786.0,310877.65625
2025-04-02,51116.328125,45517.0,298862.1875
2025-04-03,48460.44921875,43800.0,279612.625
2025-04-04,44434.36328125,43131.0,268036.09375
2025-04-07,45378.9609375,42800.0,273071.4375
2025-04-08,45356.35546875,43505.0,288963.4375
2025-04-09,43990.08203125,42390.0,282464.25
2025-04-10,47490.296875,43203.0,297962.28125
2025-04-11,47967.01953125,43165.0,296803.4375
2025-04-14,48753.36328125,44425.0,305558.34375
2025-04-15,50149.125,44983.0,307161.125
2025-04-16,49013.83984375,45865.0,307961.03125
2025-04-17,49000.078125,45526.0,309172.875
2025-04-22,50005.6171875,45879.0,310456.71875
2025-04-23,51603.86328125,46215.0,332756.875
2025-04-24,52732.265625,46326.0,338958.09375
2025-04-25,52493.4140625,46631.0,345244.3125
2025-04-29,52178.875,46746.0,348368.90625
2025-04-30,49421.75390625,46750.0,344161.4375
2025-05-02,51456.421875,47138.0,340646.875
2025-05-05,50566.87109375,46874.0,337010.34375
2025-05-06,49583.9375,47074.0,338241.1875
2025-05-07,49490.55859375,46800.0,337843.25
2025-05-08,48596.09375,47211.0,340350.9375
2025-05-09,49221.23828125,47429.0,342004.71875
2025-05-12,51225.43359375,47398.0,347556.0
2025-05-13,53407.5390625,47687.0,349659.75
2025-05-14,52488.5,47539.0,353226.0
2025-05-15,50605.203125,47500.0,353000.0
2025-05-16,48930.2890625,47941.0,350218.0
2025-05-19,48836.91015625,47707.0,348981.0
2025-05-20,49557.3984375,47500.0,344199.0
2025-05-21,50444.00390625,47100.0,345920.0
2025-05-22,50187.45703125,46448.0,342800.0
2025-05-23,52119.8984375,46707.0,342000.0
2025-05-26,53638.52734375,46876.0,346208.0
2025-05-27,52658.546875,47678.0,341650.0
2025-05-28,52193.62109375,46673.0,345580.0
2025-05-29,51899.72265625,47444.0,343046.0
2025-05-30,52778.46484375,47632.0,344641.0
2025-06-02,53826.0,47085.0,344861.0
2025-06-03,52600.0,47057.0,342664.0
2025-06-04,53215.0,47480.0,344696.0
2025-06-05,55240.0,47284.0,350105.0
2025-06-06,53274.0,46460.0,351443.0
2025-06-09,52570.0,46074.0,347281.0
2025-06-10,52582.0,46840.0,352500.0
2025-06-11,51694.0,46200.0,349349.0
2025-06-12,51260.0,46226.0,351501.0
2025-06-13,50725.0,44387.0,345143.0
2025-06-17,51040.0,44433.0,342096.0
2025-06-18,50489.0,44554.0,342989.0
2025-06-19,49350.0,45481.0,345100.0
2025-06-20,48900.0,45843.0,348019.0
